,Avg RMSE,Avg MAE,Avg MAPE (%)
XGBoost,22.704957840191952,19.659727751773534,1.9747456933756518
ARIMA,28.287062721195795,23.97746127335196,2.3904279709039353
