,Test RMSE,Test MAE,Test MAPE (%)
XGBoost,12.917218062296243,10.574571836294329,1.0475002062295886
ARIMA,30.221250654345877,25.820304428546663,2.5449822006524867
